{"cameraMode":{"drawMode":0,"name":"Shaded","section":"Shading Mode"},"sceneLighting":false,"audioPlay":false,"sceneViewState":{"m_AlwaysRefresh":false,"showFog":true,"showSkybox":false,"showFlares":true,"showImageEffects":true,"showParticleSystems":true,"showVisualEffectGraphs":true,"m_FxEnabled":true},"in2DMode":false,"pivot":{"x":-0.27535271644592287,"y":0.49198484420776369,"z":-0.31770867109298708},"rotation":{"x":-0.42135271430015566,"y":0.44445323944091799,"z":-0.24966003000736237,"w":-0.7500825524330139},"size":1.7898797988891602,"orthographic":false}