{"cameraMode":{"drawMode":0,"name":"Shaded","section":"Shading Mode"},"sceneLighting":true,"audioPlay":false,"sceneViewState":{"m_AlwaysRefresh":false,"showFog":true,"showSkybox":true,"showFlares":true,"showImageEffects":true,"showParticleSystems":true,"showVisualEffectGraphs":true,"m_FxEnabled":true},"in2DMode":false,"pivot":{"x":5.433678150177002,"y":0.9402486085891724,"z":0.30363917350769045},"rotation":{"x":-0.4646661877632141,"y":-0.013803618028759957,"z":0.007240266539156437,"w":-0.8853729963302612},"size":2.734916925430298,"orthographic":false}