{"cameraMode":{"drawMode":0,"name":"Shaded","section":"Shading Mode"},"sceneLighting":false,"audioPlay":false,"sceneViewState":{"m_AlwaysRefresh":false,"showFog":true,"showSkybox":false,"showFlares":true,"showImageEffects":true,"showParticleSystems":true,"showVisualEffectGraphs":true,"m_FxEnabled":true},"in2DMode":false,"pivot":{"x":-0.09417551755905152,"y":0.3046358823776245,"z":-0.003518432378768921},"rotation":{"x":-0.3929103910923004,"y":0.009112868458032608,"z":-0.0038994750939309599,"w":-0.9195384383201599},"size":0.7380014061927795,"orthographic":false}