{"cameraMode":{"drawMode":0,"name":"Shaded","section":"Shading Mode"},"sceneLighting":false,"audioPlay":false,"sceneViewState":{"m_AlwaysRefresh":false,"showFog":true,"showSkybox":false,"showFlares":true,"showImageEffects":true,"showParticleSystems":true,"showVisualEffectGraphs":true,"m_FxEnabled":true},"in2DMode":false,"pivot":{"x":-1.7881393432617188e-7,"y":0.6270937323570252,"z":-0.03314870595932007},"rotation":{"x":-0.21902190148830415,"y":0.0008898648666217923,"z":-0.00019927234097849578,"w":-0.9757298231124878},"size":1.2143455743789673,"orthographic":false}