{"cameraMode":{"drawMode":0,"name":"Shaded","section":"Shading Mode"},"sceneLighting":false,"audioPlay":false,"sceneViewState":{"m_AlwaysRefresh":false,"showFog":true,"showSkybox":false,"showFlares":true,"showImageEffects":true,"showParticleSystems":true,"showVisualEffectGraphs":true,"m_FxEnabled":true},"in2DMode":false,"pivot":{"x":-2.160000801086426,"y":0.2892141342163086,"z":0.7499996423721314},"rotation":{"x":-0.23215940594673158,"y":0.011099456809461117,"z":-0.0026524339336901905,"w":-0.972623884677887},"size":0.5173555016517639,"orthographic":false}